Column,Data_Type,Missing_Values,Unique_Values,Missing_Percentage
marital_status,int64,0,1,0.0
application_mode,int64,0,18,0.0
application_order,float64,0,5,0.0
course,float64,0,15,0.0
daytime_evening_attendance,datetime64[ns],0,2,0.0
previous_qualification,int64,0,1,0.0
previous_qualification_grade,float64,0,76,0.0
nacionality,int64,0,1,0.0
mother_s_qualification,int64,0,29,0.0
father_s_qualification,int64,0,34,0.0
mother_s_occupation,float64,0,12,0.0
father_s_occupation,float64,0,12,0.0
admission_grade,float64,0,565,0.0
displaced,int64,0,2,0.0
educational_special_needs,int64,0,1,0.0
debtor,int64,0,1,0.0
tuition_fees_up_to_date,datetime64[ns],0,2,0.0
gender,string,0,2,0.0
scholarship_holder,int64,0,1,0.0
age_at_enrollment,int64,0,18,0.0
international,int64,0,1,0.0
curricular_units_1st_sem_credited,int64,0,1,0.0
curricular_units_1st_sem_enrolled,int64,0,9,0.0
curricular_units_1st_sem_evaluations,int64,0,17,0.0
curricular_units_1st_sem_approved,float64,0,12,0.0
curricular_units_1st_sem_grade,float64,0,799,0.0
curricular_units_1st_sem_without_evaluations,int64,0,1,0.0
curricular_units_2nd_sem_credited,int64,0,1,0.0
curricular_units_2nd_sem_enrolled,int64,0,9,0.0
curricular_units_2nd_sem_evaluations,int64,0,17,0.0
curricular_units_2nd_sem_approved,int64,0,13,0.0
curricular_units_2nd_sem_grade,float64,0,781,0.0
curricular_units_2nd_sem_without_evaluations,int64,0,1,0.0
unemployment_rate,float64,0,10,0.0
inflation_rate,float64,0,9,0.0
gdp,float64,0,10,0.0
target,string,0,3,0.0
daytime_evening_attendance_year,int32,0,1,0.0
daytime_evening_attendance_month,int32,0,1,0.0
daytime_evening_attendance_day,int32,0,1,0.0
daytime_evening_attendance_dayofweek,int32,0,1,0.0
daytime_evening_attendance_is_weekend,int64,0,1,0.0
tuition_fees_up_to_date_year,int32,0,1,0.0
tuition_fees_up_to_date_month,int32,0,1,0.0
tuition_fees_up_to_date_day,int32,0,1,0.0
tuition_fees_up_to_date_dayofweek,int32,0,1,0.0
tuition_fees_up_to_date_is_weekend,int64,0,1,0.0
