Column,Missing_Count,Total_Rows,Missing_Percentage
marital_status,0,4424,0.0
application_mode,0,4424,0.0
application_order,0,4424,0.0
course,0,4424,0.0
daytime_evening_attendance,0,4424,0.0
previous_qualification,0,4424,0.0
previous_qualification_grade,0,4424,0.0
nacionality,0,4424,0.0
mother_s_qualification,0,4424,0.0
father_s_qualification,0,4424,0.0
mother_s_occupation,0,4424,0.0
father_s_occupation,0,4424,0.0
admission_grade,0,4424,0.0
displaced,0,4424,0.0
educational_special_needs,0,4424,0.0
debtor,0,4424,0.0
tuition_fees_up_to_date,0,4424,0.0
gender,0,4424,0.0
scholarship_holder,0,4424,0.0
age_at_enrollment,0,4424,0.0
international,0,4424,0.0
curricular_units_1st_sem_credited,0,4424,0.0
curricular_units_1st_sem_enrolled,0,4424,0.0
curricular_units_1st_sem_evaluations,0,4424,0.0
curricular_units_1st_sem_approved,0,4424,0.0
curricular_units_1st_sem_grade,0,4424,0.0
curricular_units_1st_sem_without_evaluations,0,4424,0.0
curricular_units_2nd_sem_credited,0,4424,0.0
curricular_units_2nd_sem_enrolled,0,4424,0.0
curricular_units_2nd_sem_evaluations,0,4424,0.0
curricular_units_2nd_sem_approved,0,4424,0.0
curricular_units_2nd_sem_grade,0,4424,0.0
curricular_units_2nd_sem_without_evaluations,0,4424,0.0
unemployment_rate,0,4424,0.0
inflation_rate,0,4424,0.0
gdp,0,4424,0.0
target,0,4424,0.0
