,Before_Cleaning,After_Cleaning,Removed_Missing_Values
Admission grade,0.0,,
Age at enrollment,0.0,,
Application mode,0.0,,
Application order,0.0,,
Course,0.0,,
Curricular units 1st sem (approved),0.0,,
Curricular units 1st sem (credited),0.0,,
Curricular units 1st sem (enrolled),0.0,,
Curricular units 1st sem (evaluations),0.0,,
Curricular units 1st sem (grade),0.0,,
Curricular units 1st sem (without evaluations),0.0,,
Curricular units 2nd sem (approved),0.0,,
Curricular units 2nd sem (credited),0.0,,
Curricular units 2nd sem (enrolled),0.0,,
Curricular units 2nd sem (evaluations),0.0,,
Curricular units 2nd sem (grade),0.0,,
Curricular units 2nd sem (without evaluations),0.0,,
Daytime/evening attendance	,0.0,,
Debtor,0.0,,
Displaced,0.0,,
Educational special needs,0.0,,
Father's occupation,0.0,,
Father's qualification,0.0,,
GDP,0.0,,
Gender,0.0,,
Inflation rate,0.0,,
International,0.0,,
Marital status,0.0,,
Mother's occupation,0.0,,
Mother's qualification,0.0,,
Nacionality,0.0,,
Previous qualification,0.0,,
Previous qualification (grade),0.0,,
Scholarship holder,0.0,,
Target,0.0,,
Tuition fees up to date,0.0,,
Unemployment rate,0.0,,
admission_grade,,0.0,
age_at_enrollment,,0.0,
application_mode,,0.0,
application_order,,0.0,
course,,0.0,
curricular_units_1st_sem_approved,,0.0,
curricular_units_1st_sem_credited,,0.0,
curricular_units_1st_sem_enrolled,,0.0,
curricular_units_1st_sem_evaluations,,0.0,
curricular_units_1st_sem_grade,,0.0,
curricular_units_1st_sem_without_evaluations,,0.0,
curricular_units_2nd_sem_approved,,0.0,
curricular_units_2nd_sem_credited,,0.0,
curricular_units_2nd_sem_enrolled,,0.0,
curricular_units_2nd_sem_evaluations,,0.0,
curricular_units_2nd_sem_grade,,0.0,
curricular_units_2nd_sem_without_evaluations,,0.0,
daytime_evening_attendance,,0.0,
debtor,,0.0,
displaced,,0.0,
educational_special_needs,,0.0,
father_s_occupation,,0.0,
father_s_qualification,,0.0,
gdp,,0.0,
gender,,0.0,
inflation_rate,,0.0,
international,,0.0,
marital_status,,0.0,
mother_s_occupation,,0.0,
mother_s_qualification,,0.0,
nacionality,,0.0,
previous_qualification,,0.0,
previous_qualification_grade,,0.0,
scholarship_holder,,0.0,
target,,0.0,
tuition_fees_up_to_date,,0.0,
unemployment_rate,,0.0,
