Column,Q1,Q3,IQR,Lower_Bound,Upper_Bound,Outlier_Count,Outlier_Percentage
marital_status,1.0,1.0,0.0,1.0,1.0,505,11.41500904159132
application_mode,1.0,39.0,38.0,-56.0,96.0,0,0.0
application_order,1.0,2.0,1.0,-0.5,3.5,541,12.22875226039783
course,9085.0,9556.0,471.0,8378.5,10262.5,442,9.990958408679926
previous_qualification,1.0,1.0,0.0,1.0,1.0,707,15.981012658227847
previous_qualification_grade,125.0,140.0,15.0,102.5,162.5,179,4.046112115732369
nacionality,1.0,1.0,0.0,1.0,1.0,110,2.4864376130198913
mother_s_qualification,2.0,37.0,35.0,-50.5,89.5,0,0.0
father_s_qualification,3.0,37.0,34.0,-48.0,88.0,0,0.0
mother_s_occupation,4.0,9.0,5.0,-3.5,16.5,182,4.113924050632911
father_s_occupation,4.0,9.0,5.0,-3.5,16.5,177,4.000904159132007
admission_grade,117.9,134.8,16.900000000000006,92.55,160.15000000000003,86,1.9439421338155516
displaced,0.0,1.0,1.0,-1.5,2.5,0,0.0
educational_special_needs,0.0,0.0,0.0,0.0,0.0,51,1.1528028933092225
debtor,0.0,0.0,0.0,0.0,0.0,503,11.369801084990959
scholarship_holder,0.0,0.0,0.0,0.0,0.0,1099,24.841772151898734
age_at_enrollment,19.0,25.0,6.0,10.0,34.0,441,9.968354430379748
international,0.0,0.0,0.0,0.0,0.0,110,2.4864376130198913
curricular_units_1st_sem_credited,0.0,0.0,0.0,0.0,0.0,577,13.04249547920434
curricular_units_1st_sem_enrolled,5.0,7.0,2.0,2.0,10.0,424,9.584086799276673
curricular_units_1st_sem_evaluations,6.0,10.0,4.0,0.0,16.0,158,3.571428571428571
curricular_units_1st_sem_approved,3.0,6.0,3.0,-1.5,10.5,180,4.06871609403255
curricular_units_1st_sem_grade,11.0,13.4,2.4000000000000004,7.3999999999999995,17.0,726,16.410488245931283
curricular_units_1st_sem_without_evaluations,0.0,0.0,0.0,0.0,0.0,294,6.645569620253164
curricular_units_2nd_sem_credited,0.0,0.0,0.0,0.0,0.0,530,11.980108499095842
curricular_units_2nd_sem_enrolled,5.0,7.0,2.0,2.0,10.0,369,8.340867992766727
curricular_units_2nd_sem_evaluations,6.0,10.0,4.0,0.0,16.0,109,2.4638336347197107
curricular_units_2nd_sem_approved,2.0,6.0,4.0,-4.0,12.0,44,0.9945750452079566
curricular_units_2nd_sem_grade,10.75,13.333333333333334,2.583333333333334,6.874999999999999,17.208333333333336,877,19.82368896925859
curricular_units_2nd_sem_without_evaluations,0.0,0.0,0.0,0.0,0.0,282,6.374321880650995
unemployment_rate,9.4,13.9,4.5,2.6500000000000004,20.65,0,0.0
inflation_rate,0.3,2.6,2.3000000000000003,-3.1500000000000004,6.050000000000001,0,0.0
gdp,-1.7,1.79,3.49,-6.9350000000000005,7.025,0,0.0
