Column,Lower_Bound,Upper_Bound,Lower_Values_Capped,Upper_Values_Capped,Total_Capped
marital_status,1.0,1.0,0,505,505
application_mode,-56.0,96.0,0,0,0
application_order,-0.5,3.5,0,541,541
course,8378.5,10262.5,442,0,442
previous_qualification,1.0,1.0,0,707,707
previous_qualification_grade,102.5,162.5,93,86,179
nacionality,1.0,1.0,0,110,110
mother_s_qualification,-50.5,89.5,0,0,0
father_s_qualification,-48.0,88.0,0,0,0
mother_s_occupation,-3.5,16.5,0,182,182
father_s_occupation,-3.5,16.5,0,177,177
admission_grade,92.55,160.15000000000003,0,86,86
displaced,-1.5,2.5,0,0,0
educational_special_needs,0.0,0.0,0,51,51
debtor,0.0,0.0,0,503,503
scholarship_holder,0.0,0.0,0,1099,1099
age_at_enrollment,10.0,34.0,0,441,441
international,0.0,0.0,0,110,110
curricular_units_1st_sem_credited,0.0,0.0,0,577,577
curricular_units_1st_sem_enrolled,2.0,10.0,187,237,424
curricular_units_1st_sem_evaluations,0.0,16.0,0,158,158
curricular_units_1st_sem_approved,-1.5,10.5,0,180,180
curricular_units_1st_sem_grade,7.3999999999999995,17.0,718,8,726
curricular_units_1st_sem_without_evaluations,0.0,0.0,0,294,294
curricular_units_2nd_sem_credited,0.0,0.0,0,530,530
curricular_units_2nd_sem_enrolled,2.0,10.0,183,186,369
curricular_units_2nd_sem_evaluations,0.0,16.0,0,109,109
curricular_units_2nd_sem_approved,-4.0,12.0,0,44,44
curricular_units_2nd_sem_grade,6.874999999999999,17.208333333333336,870,7,877
curricular_units_2nd_sem_without_evaluations,0.0,0.0,0,282,282
unemployment_rate,2.6500000000000004,20.65,0,0,0
inflation_rate,-3.1500000000000004,6.050000000000001,0,0,0
gdp,-6.9350000000000005,7.025,0,0,0
